Country,ISO3_Code,Month,tmin,tmax
Albania,ALB,April,0,27
Albania,ALB,August,15,38
Albania,ALB,December,-4,20
Albania,ALB,February,-3,22
Albania,ALB,January,-6,18
Albania,ALB,July,15,37
Albania,ALB,June,12,36
Albania,ALB,March,-1,23
Albania,ALB,May,8,32
Albania,ALB,November,0,26
Albania,ALB,October,4,30
Albania,ALB,September,9,34
Algeria,DZA,April,7,28
Algeria,DZA,August,18,39
Algeria,DZA,December,5,23
Algeria,DZA,February,4,24
Algeria,DZA,January,3,22
Algeria,DZA,July,17,39
Algeria,DZA,June,14,36
Algeria,DZA,March,5,27
Algeria,DZA,May,10,32
Algeria,DZA,November,8,28
Algeria,DZA,October,12,33
Algeria,DZA,September,16,36
Angola,AGO,April,21,35
Angola,AGO,August,17,29
Angola,AGO,December,22,33
Angola,AGO,February,23,34
Angola,AGO,January,22,34
Angola,AGO,July,18,29
Angola,AGO,June,19,30
Angola,AGO,March,22,35
Angola,AGO,May,21,33
Angola,AGO,November,22,32
Angola,AGO,October,21,32
Angola,AGO,September,19,30
Antarctica,ATA,April,-17,10
Antarctica,ATA,August,-24,6
Antarctica,ATA,December,-5,9
Antarctica,ATA,February,-8,12
Antarctica,ATA,January,-4,10
Antarctica,ATA,July,-25,7
Antarctica,ATA,June,-23,7
Antarctica,ATA,March,-11,11
Antarctica,ATA,May,-20,9
Antarctica,ATA,November,-10,9
Antarctica,ATA,October,-17,9
Antarctica,ATA,September,-22,7
Argentina,ARG,April,-3,24
Argentina,ARG,August,-8,22
Argentina,ARG,December,4,26
Argentina,ARG,February,5,25
Argentina,ARG,January,4,26
Argentina,ARG,July,-10,21
Argentina,ARG,June,-10,20
Argentina,ARG,March,3,25
Argentina,ARG,May,-7,22
Argentina,ARG,November,1,27
Argentina,ARG,October,-1,26
Argentina,ARG,September,-6,25
Armenia,ARM,April,-7,20
Armenia,ARM,August,5,30
Armenia,ARM,December,-14,15
Armenia,ARM,February,-20,17
Armenia,ARM,January,-19,13
Armenia,ARM,July,3,28
Armenia,ARM,June,4,26
Armenia,ARM,March,-7,16
Armenia,ARM,May,-3,24
Armenia,ARM,November,-10,20
Armenia,ARM,October,-6,26
Armenia,ARM,September,-2,31
Australia,AUS,April,15,38
Australia,AUS,August,9,37
Australia,AUS,December,23,40
Australia,AUS,February,23,37
Australia,AUS,January,22,38
Australia,AUS,July,8,36
Australia,AUS,June,9,36
Australia,AUS,March,21,38
Australia,AUS,May,12,37
Australia,AUS,November,22,41
Australia,AUS,October,19,41
Australia,AUS,September,14,40
Austria,AUT,April,-1,25
Austria,AUT,August,10,34
Austria,AUT,December,-8,14
Austria,AUT,February,-7,15
Austria,AUT,January,-7,12
Austria,AUT,July,11,34
Austria,AUT,June,9,33
Austria,AUT,March,-4,20
Austria,AUT,May,5,28
Austria,AUT,November,-3,17
Austria,AUT,October,1,23
Austria,AUT,September,5,28
Azerbaijan,AZE,April,4,27
Azerbaijan,AZE,August,17,37
Azerbaijan,AZE,December,-2,16
Azerbaijan,AZE,February,-5,19
Azerbaijan,AZE,January,-5,16
Azerbaijan,AZE,July,17,37
Azerbaijan,AZE,June,14,35
Azerbaijan,AZE,March,-1,22
Azerbaijan,AZE,May,9,32
Azerbaijan,AZE,November,0,22
Azerbaijan,AZE,October,7,28
Azerbaijan,AZE,September,12,33
Bahamas,BHS,April,17,33
Bahamas,BHS,August,22,35
Bahamas,BHS,December,15,31
Bahamas,BHS,February,14,31
Bahamas,BHS,January,14,30
Bahamas,BHS,July,22,35
Bahamas,BHS,June,22,34
Bahamas,BHS,March,15,32
Bahamas,BHS,May,19,33
Bahamas,BHS,November,18,32
Bahamas,BHS,October,21,34
Bahamas,BHS,September,20,34
Bahrain,BHR,April,20,39
Bahrain,BHR,August,31,44
Bahrain,BHR,December,14,28
Bahrain,BHR,February,13,28
Bahrain,BHR,January,12,27
Bahrain,BHR,July,31,44
Bahrain,BHR,June,28,44
Bahrain,BHR,March,16,34
Bahrain,BHR,May,25,43
Bahrain,BHR,November,19,33
Bahrain,BHR,October,25,39
Bahrain,BHR,September,28,43
Bangladesh,BGD,April,18,37
Bangladesh,BGD,August,25,36
Bangladesh,BGD,December,11,29
Bangladesh,BGD,February,10,30
Bangladesh,BGD,January,9,26
Bangladesh,BGD,July,25,36
Bangladesh,BGD,June,23,36
Bangladesh,BGD,March,15,34
Bangladesh,BGD,May,20,35
Bangladesh,BGD,November,15,31
Bangladesh,BGD,October,20,35
Bangladesh,BGD,September,24,35
Belarus,BLR,April,-4,21
Belarus,BLR,August,7,30
Belarus,BLR,December,-12,6
Belarus,BLR,February,-16,6
Belarus,BLR,January,-19,5
Belarus,BLR,July,8,29
Belarus,BLR,June,5,30
Belarus,BLR,March,-12,12
Belarus,BLR,May,0,25
Belarus,BLR,November,-8,11
Belarus,BLR,October,-4,18
Belarus,BLR,September,2,24
Belgium,BEL,April,0,23
Belgium,BEL,August,10,32
Belgium,BEL,December,-3,14
Belgium,BEL,February,-3,14
Belgium,BEL,January,-4,13
Belgium,BEL,July,10,34
Belgium,BEL,June,8,31
Belgium,BEL,March,-3,19
Belgium,BEL,May,3,26
Belgium,BEL,November,-1,16
Belgium,BEL,October,4,23
Belgium,BEL,September,7,29
Belize,BLZ,April,20,34
Belize,BLZ,August,23,33
Belize,BLZ,December,17,31
Belize,BLZ,February,17,31
Belize,BLZ,January,16,30
Belize,BLZ,July,23,33
Belize,BLZ,June,23,34
Belize,BLZ,March,20,32
Belize,BLZ,May,22,34
Belize,BLZ,November,19,32
Belize,BLZ,October,21,34
Belize,BLZ,September,23,34
Benin,BEN,April,23,42
Benin,BEN,August,21,33
Benin,BEN,December,14,37
Benin,BEN,February,17,40
Benin,BEN,January,14,38
Benin,BEN,July,21,36
Benin,BEN,June,20,38
Benin,BEN,March,21,42
Benin,BEN,May,21,41
Benin,BEN,November,17,38
Benin,BEN,October,20,37
Benin,BEN,September,20,34
Bermuda,BMU,April,14,25
Bermuda,BMU,August,23,31
Bermuda,BMU,December,13,25
Bermuda,BMU,February,12,23
Bermuda,BMU,January,12,24
Bermuda,BMU,July,22,31
Bermuda,BMU,June,19,30
Bermuda,BMU,March,12,24
Bermuda,BMU,May,16,27
Bermuda,BMU,November,15,27
Bermuda,BMU,October,18,29
Bermuda,BMU,September,21,31
"Bolivia, Plurinational State of",BOL,April,18,35
"Bolivia, Plurinational State of",BOL,August,14,37
"Bolivia, Plurinational State of",BOL,December,21,35
"Bolivia, Plurinational State of",BOL,February,21,34
"Bolivia, Plurinational State of",BOL,January,20,35
"Bolivia, Plurinational State of",BOL,July,13,35
"Bolivia, Plurinational State of",BOL,June,14,34
"Bolivia, Plurinational State of",BOL,March,20,34
"Bolivia, Plurinational State of",BOL,May,16,34
"Bolivia, Plurinational State of",BOL,November,19,36
"Bolivia, Plurinational State of",BOL,October,19,38
"Bolivia, Plurinational State of",BOL,September,17,38
Bosnia and Herzegovina,BIH,April,-1,28
Bosnia and Herzegovina,BIH,August,11,38
Bosnia and Herzegovina,BIH,December,-6,19
Bosnia and Herzegovina,BIH,February,-6,19
Bosnia and Herzegovina,BIH,January,-8,20
Bosnia and Herzegovina,BIH,July,11,38
Bosnia and Herzegovina,BIH,June,10,36
Bosnia and Herzegovina,BIH,March,-5,20
Bosnia and Herzegovina,BIH,May,4,28
Bosnia and Herzegovina,BIH,November,-3,23
Bosnia and Herzegovina,BIH,October,1,27
Bosnia and Herzegovina,BIH,September,1,33
Botswana,BWA,April,11,32
Botswana,BWA,August,2,33
Botswana,BWA,December,17,37
Botswana,BWA,February,17,34
Botswana,BWA,January,18,37
Botswana,BWA,July,1,28
Botswana,BWA,June,0,28
Botswana,BWA,March,16,34
Botswana,BWA,May,6,30
Botswana,BWA,November,14,37
Botswana,BWA,October,13,38
Botswana,BWA,September,8,36
Brunei Darussalam,BRN,April,23,34
Brunei Darussalam,BRN,August,23,35
Brunei Darussalam,BRN,December,23,34
Brunei Darussalam,BRN,February,23,33
Brunei Darussalam,BRN,January,23,33
Brunei Darussalam,BRN,July,22,35
Brunei Darussalam,BRN,June,23,34
Brunei Darussalam,BRN,March,23,34
Brunei Darussalam,BRN,May,23,35
Brunei Darussalam,BRN,November,23,34
Brunei Darussalam,BRN,October,22,34
Brunei Darussalam,BRN,September,22,35
Bulgaria,BGR,April,-2,27
Bulgaria,BGR,August,11,37
Bulgaria,BGR,December,-9,18
Bulgaria,BGR,February,-10,19
Bulgaria,BGR,January,-13,17
Bulgaria,BGR,July,11,36
Bulgaria,BGR,June,10,35
Bulgaria,BGR,March,-6,23
Bulgaria,BGR,May,4,30
Bulgaria,BGR,November,-5,21
Bulgaria,BGR,October,-1,27
Bulgaria,BGR,September,4,33
Burkina Faso,BFA,April,22,45
Burkina Faso,BFA,August,21,38
Burkina Faso,BFA,December,14,38
Burkina Faso,BFA,February,14,40
Burkina Faso,BFA,January,12,37
Burkina Faso,BFA,July,22,39
Burkina Faso,BFA,June,23,43
Burkina Faso,BFA,March,18,43
Burkina Faso,BFA,May,24,45
Burkina Faso,BFA,November,17,39
Burkina Faso,BFA,October,21,41
Burkina Faso,BFA,September,22,39
Cabo Verde,CPV,April,19,29
Cabo Verde,CPV,August,23,33
Cabo Verde,CPV,December,19,29
Cabo Verde,CPV,February,17,27
Cabo Verde,CPV,January,18,28
Cabo Verde,CPV,July,22,32
Cabo Verde,CPV,June,21,31
Cabo Verde,CPV,March,17,29
Cabo Verde,CPV,May,20,30
Cabo Verde,CPV,November,20,31
Cabo Verde,CPV,October,23,33
Cabo Verde,CPV,September,24,33
Cambodia,KHM,April,23,38
Cambodia,KHM,August,23,36
Cambodia,KHM,December,20,33
Cambodia,KHM,February,21,35
Cambodia,KHM,January,19,33
Cambodia,KHM,July,23,36
Cambodia,KHM,June,23,37
Cambodia,KHM,March,23,37
Cambodia,KHM,May,24,38
Cambodia,KHM,November,23,34
Cambodia,KHM,October,23,34
Cambodia,KHM,September,23,36
Cameroon,CMR,April,24,43
Cameroon,CMR,August,21,35
Cameroon,CMR,December,15,38
Cameroon,CMR,February,18,41
Cameroon,CMR,January,15,39
Cameroon,CMR,July,21,35
Cameroon,CMR,June,21,38
Cameroon,CMR,March,22,43
Cameroon,CMR,May,23,41
Cameroon,CMR,November,18,39
Cameroon,CMR,October,21,38
Cameroon,CMR,September,21,35
Canada,CAN,April,-15,22
Canada,CAN,August,3,30
Canada,CAN,December,-30,5
Canada,CAN,February,-31,5
Canada,CAN,January,-33,6
Canada,CAN,July,6,31
Canada,CAN,June,3,29
Canada,CAN,March,-26,10
Canada,CAN,May,-5,28
Canada,CAN,November,-23,11
Canada,CAN,October,-11,21
Canada,CAN,September,-3,28
Cayman Islands,CYM,April,22,32
Cayman Islands,CYM,August,23,34
Cayman Islands,CYM,December,21,31
Cayman Islands,CYM,February,21,31
Cayman Islands,CYM,January,20,31
Cayman Islands,CYM,July,23,34
Cayman Islands,CYM,June,23,33
Cayman Islands,CYM,March,21,31
Cayman Islands,CYM,May,22,33
Cayman Islands,CYM,November,22,32
Cayman Islands,CYM,October,23,33
Cayman Islands,CYM,September,23,34
Central African Republic,CAF,April,17,36
Central African Republic,CAF,August,18,33
Central African Republic,CAF,December,15,34
Central African Republic,CAF,February,15,37
Central African Republic,CAF,January,13,35
Central African Republic,CAF,July,18,33
Central African Republic,CAF,June,18,34
Central African Republic,CAF,March,18,37
Central African Republic,CAF,May,18,34
Central African Republic,CAF,November,17,33
Central African Republic,CAF,October,18,33
Central African Republic,CAF,September,17,32
Chad,TCD,April,21,45
Chad,TCD,August,20,36
Chad,TCD,December,12,38
Chad,TCD,February,13,40
Chad,TCD,January,11,39
Chad,TCD,July,21,39
Chad,TCD,June,21,43
Chad,TCD,March,18,44
Chad,TCD,May,23,45
Chad,TCD,November,16,40
Chad,TCD,October,18,40
Chad,TCD,September,20,38
Chile,CHL,April,15,26
Chile,CHL,August,12,20
Chile,CHL,December,16,26
Chile,CHL,February,18,28
Chile,CHL,January,18,27
Chile,CHL,July,11,21
Chile,CHL,June,11,22
Chile,CHL,March,17,28
Chile,CHL,May,13,24
Chile,CHL,November,14,23
Chile,CHL,October,13,22
Chile,CHL,September,12,20
China,CHN,April,-12,21
China,CHN,August,6,29
China,CHN,December,-39,-9
China,CHN,February,-39,-3
China,CHN,January,-40,-12
China,CHN,July,9,33
China,CHN,June,4,30
China,CHN,March,-30,7
China,CHN,May,-6,27
China,CHN,November,-31,1
China,CHN,October,-14,17
China,CHN,September,-4,23
Colombia,COL,April,24,34
Colombia,COL,August,22,32
Colombia,COL,December,22,32
Colombia,COL,February,23,32
Colombia,COL,January,23,32
Colombia,COL,July,23,32
Colombia,COL,June,23,33
Colombia,COL,March,23,32
Colombia,COL,May,23,33
Colombia,COL,November,23,32
Colombia,COL,October,22,32
Colombia,COL,September,23,33
Comoros,COM,April,16,33
Comoros,COM,August,20,30
Comoros,COM,December,16,33
Comoros,COM,February,16,33
Comoros,COM,January,16,33
Comoros,COM,July,20,30
Comoros,COM,June,21,31
Comoros,COM,March,15,33
Comoros,COM,May,17,32
Comoros,COM,November,16,33
Comoros,COM,October,20,32
Comoros,COM,September,20,31
Congo,COG,April,22,33
Congo,COG,August,18,28
Congo,COG,December,22,32
Congo,COG,February,22,34
Congo,COG,January,22,33
Congo,COG,July,17,28
Congo,COG,June,18,30
Congo,COG,March,22,33
Congo,COG,May,22,32
Congo,COG,November,22,32
Congo,COG,October,22,31
Congo,COG,September,20,29
"Congo, The Democratic Republic of the",COD,April,21,35
"Congo, The Democratic Republic of the",COD,August,16,33
"Congo, The Democratic Republic of the",COD,December,20,34
"Congo, The Democratic Republic of the",COD,February,21,35
"Congo, The Democratic Republic of the",COD,January,20,35
"Congo, The Democratic Republic of the",COD,July,18,32
"Congo, The Democratic Republic of the",COD,June,19,32
"Congo, The Democratic Republic of the",COD,March,21,35
"Congo, The Democratic Republic of the",COD,May,21,35
"Congo, The Democratic Republic of the",COD,November,20,34
"Congo, The Democratic Republic of the",COD,October,20,35
"Congo, The Democratic Republic of the",COD,September,19,35
Cook Islands,COK,April,19,32
Cook Islands,COK,August,15,29
Cook Islands,COK,December,20,31
Cook Islands,COK,February,21,32
Cook Islands,COK,January,20,32
Cook Islands,COK,July,16,29
Cook Islands,COK,June,16,29
Cook Islands,COK,March,21,32
Cook Islands,COK,May,18,30
Cook Islands,COK,November,18,30
Cook Islands,COK,October,17,29
Cook Islands,COK,September,17,29
Costa Rica,CRI,April,17,34
Costa Rica,CRI,August,17,31
Costa Rica,CRI,December,16,31
Costa Rica,CRI,February,15,32
Costa Rica,CRI,January,16,31
Costa Rica,CRI,July,17,31
Costa Rica,CRI,June,17,31
Costa Rica,CRI,March,15,32
Costa Rica,CRI,May,17,32
Costa Rica,CRI,November,16,30
Costa Rica,CRI,October,17,31
Costa Rica,CRI,September,17,31
Croatia,HRV,April,-2,24
Croatia,HRV,August,10,32
Croatia,HRV,December,-6,13
Croatia,HRV,February,-7,14
Croatia,HRV,January,-9,13
Croatia,HRV,July,11,33
Croatia,HRV,June,9,32
Croatia,HRV,March,-5,19
Croatia,HRV,May,4,28
Croatia,HRV,November,-4,19
Croatia,HRV,October,1,23
Croatia,HRV,September,5,28
Cuba,CUB,April,20,32
Cuba,CUB,August,24,36
Cuba,CUB,December,20,33
Cuba,CUB,February,19,32
Cuba,CUB,January,18,32
Cuba,CUB,July,23,36
Cuba,CUB,June,22,34
Cuba,CUB,March,19,32
Cuba,CUB,May,21,33
Cuba,CUB,November,21,34
Cuba,CUB,October,22,35
Cuba,CUB,September,23,36
Cyprus,CYP,April,8,30
Cyprus,CYP,August,21,37
Cyprus,CYP,December,6,23
Cyprus,CYP,February,3,23
Cyprus,CYP,January,3,21
Cyprus,CYP,July,21,37
Cyprus,CYP,June,16,35
Cyprus,CYP,March,5,25
Cyprus,CYP,May,13,35
Cyprus,CYP,November,10,28
Cyprus,CYP,October,15,32
Cyprus,CYP,September,18,35
Czechia,CZE,April,-4,22
Czechia,CZE,August,6,32
Czechia,CZE,December,-8,10
Czechia,CZE,February,-10,11
Czechia,CZE,January,-10,11
Czechia,CZE,July,7,32
Czechia,CZE,June,6,31
Czechia,CZE,March,-7,16
Czechia,CZE,May,0,26
Czechia,CZE,November,-5,14
Czechia,CZE,October,-1,20
Czechia,CZE,September,2,26
Côte d'Ivoire,CIV,April,21,38
Côte d'Ivoire,CIV,August,20,32
Côte d'Ivoire,CIV,December,11,37
Côte d'Ivoire,CIV,February,15,39
Côte d'Ivoire,CIV,January,11,37
Côte d'Ivoire,CIV,July,19,34
Côte d'Ivoire,CIV,June,20,35
Côte d'Ivoire,CIV,March,19,39
Côte d'Ivoire,CIV,May,21,37
Côte d'Ivoire,CIV,November,16,36
Côte d'Ivoire,CIV,October,19,34
Côte d'Ivoire,CIV,September,17,33
Denmark,DNK,April,-3,19
Denmark,DNK,August,8,27
Denmark,DNK,December,-6,10
Denmark,DNK,February,-6,9
Denmark,DNK,January,-8,9
Denmark,DNK,July,9,28
Denmark,DNK,June,7,27
Denmark,DNK,March,-6,13
Denmark,DNK,May,1,24
Denmark,DNK,November,-5,14
Denmark,DNK,October,1,18
Denmark,DNK,September,4,23
Dominican Republic,DOM,April,18,34
Dominican Republic,DOM,August,22,36
Dominican Republic,DOM,December,18,33
Dominican Republic,DOM,February,17,32
Dominican Republic,DOM,January,17,32
Dominican Republic,DOM,July,21,36
Dominican Republic,DOM,June,21,36
Dominican Republic,DOM,March,17,33
Dominican Republic,DOM,May,20,35
Dominican Republic,DOM,November,19,34
Dominican Republic,DOM,October,21,36
Dominican Republic,DOM,September,22,36
Ecuador,ECU,April,22,33
Ecuador,ECU,August,16,27
Ecuador,ECU,December,20,29
Ecuador,ECU,February,20,33
Ecuador,ECU,January,19,31
Ecuador,ECU,July,19,29
Ecuador,ECU,June,21,29
Ecuador,ECU,March,20,32
Ecuador,ECU,May,21,31
Ecuador,ECU,November,16,28
Ecuador,ECU,October,19,28
Ecuador,ECU,September,19,27
Egypt,EGY,April,10,35
Egypt,EGY,August,19,36
Egypt,EGY,December,7,23
Egypt,EGY,February,6,24
Egypt,EGY,January,4,22
Egypt,EGY,July,19,38
Egypt,EGY,June,16,36
Egypt,EGY,March,7,29
Egypt,EGY,May,12,37
Egypt,EGY,November,10,30
Egypt,EGY,October,14,34
Egypt,EGY,September,17,36
El Salvador,SLV,April,24,36
El Salvador,SLV,August,22,35
El Salvador,SLV,December,22,35
El Salvador,SLV,February,23,35
El Salvador,SLV,January,22,36
El Salvador,SLV,July,23,35
El Salvador,SLV,June,23,35
El Salvador,SLV,March,23,36
El Salvador,SLV,May,24,35
El Salvador,SLV,November,23,35
El Salvador,SLV,October,23,34
El Salvador,SLV,September,23,34
Equatorial Guinea,GNQ,April,22,33
Equatorial Guinea,GNQ,August,21,30
Equatorial Guinea,GNQ,December,21,32
Equatorial Guinea,GNQ,February,22,33
Equatorial Guinea,GNQ,January,21,34
Equatorial Guinea,GNQ,July,22,31
Equatorial Guinea,GNQ,June,22,31
Equatorial Guinea,GNQ,March,22,34
Equatorial Guinea,GNQ,May,22,32
Equatorial Guinea,GNQ,November,22,32
Equatorial Guinea,GNQ,October,22,31
Equatorial Guinea,GNQ,September,21,31
Estonia,EST,April,-5,17
Estonia,EST,August,7,29
Estonia,EST,December,-10,7
Estonia,EST,February,-11,6
Estonia,EST,January,-14,6
Estonia,EST,July,8,29
Estonia,EST,June,4,29
Estonia,EST,March,-11,11
Estonia,EST,May,-2,25
Estonia,EST,November,-5,11
Estonia,EST,October,-3,16
Estonia,EST,September,3,23
Ethiopia,ETH,April,11,31
Ethiopia,ETH,August,13,30
Ethiopia,ETH,December,6,27
Ethiopia,ETH,February,7,29
Ethiopia,ETH,January,6,28
Ethiopia,ETH,July,14,31
Ethiopia,ETH,June,13,32
Ethiopia,ETH,March,10,30
Ethiopia,ETH,May,13,31
Ethiopia,ETH,November,7,28
Ethiopia,ETH,October,8,28
Ethiopia,ETH,September,12,29
Fiji,FJI,April,23,32
Fiji,FJI,August,23,31
Fiji,FJI,December,23,32
Fiji,FJI,February,23,32
Fiji,FJI,January,23,32
Fiji,FJI,July,23,31
Fiji,FJI,June,23,31
Fiji,FJI,March,24,32
Fiji,FJI,May,23,32
Fiji,FJI,November,23,32
Fiji,FJI,October,23,32
Fiji,FJI,September,23,31
Finland,FIN,April,-8,16
Finland,FIN,August,6,28
Finland,FIN,December,-15,5
Finland,FIN,February,-17,5
Finland,FIN,January,-22,4
Finland,FIN,July,8,30
Finland,FIN,June,4,29
Finland,FIN,March,-16,10
Finland,FIN,May,-2,26
Finland,FIN,November,-9,10
Finland,FIN,October,-5,15
Finland,FIN,September,1,21
France,FRA,April,-1,23
France,FRA,August,9,32
France,FRA,December,-3,14
France,FRA,February,-3,14
France,FRA,January,-4,14
France,FRA,July,9,35
France,FRA,June,7,31
France,FRA,March,-2,19
France,FRA,May,2,25
France,FRA,November,0,17
France,FRA,October,3,23
France,FRA,September,6,28
French Guiana,GUF,April,22,32
French Guiana,GUF,August,22,35
French Guiana,GUF,December,21,33
French Guiana,GUF,February,22,31
French Guiana,GUF,January,22,31
French Guiana,GUF,July,22,34
French Guiana,GUF,June,22,32
French Guiana,GUF,March,21,32
French Guiana,GUF,May,22,32
French Guiana,GUF,November,22,34
French Guiana,GUF,October,22,36
French Guiana,GUF,September,22,35
French Polynesia,PYF,April,23,34
French Polynesia,PYF,August,21,31
French Polynesia,PYF,December,22,34
French Polynesia,PYF,February,23,34
French Polynesia,PYF,January,22,34
French Polynesia,PYF,July,22,31
French Polynesia,PYF,June,22,32
French Polynesia,PYF,March,23,34
French Polynesia,PYF,May,23,33
French Polynesia,PYF,November,22,33
French Polynesia,PYF,October,21,33
French Polynesia,PYF,September,21,32
French Southern Territories,ATF,April,-1,17
French Southern Territories,ATF,August,-5,11
French Southern Territories,ATF,December,0,18
French Southern Territories,ATF,February,2,20
French Southern Territories,ATF,January,1,19
French Southern Territories,ATF,July,-5,11
French Southern Territories,ATF,June,-4,11
French Southern Territories,ATF,March,0,20
French Southern Territories,ATF,May,-2,14
French Southern Territories,ATF,November,-1,16
French Southern Territories,ATF,October,-3,14
French Southern Territories,ATF,September,-4,12
Gabon,GAB,April,22,32
Gabon,GAB,August,21,29
Gabon,GAB,December,22,31
Gabon,GAB,February,22,32
Gabon,GAB,January,22,31
Gabon,GAB,July,21,29
Gabon,GAB,June,22,30
Gabon,GAB,March,21,32
Gabon,GAB,May,22,34
Gabon,GAB,November,22,31
Gabon,GAB,October,23,31
Gabon,GAB,September,22,31
Gambia,GMB,April,18,41
Gambia,GMB,August,20,37
Gambia,GMB,December,15,37
Gambia,GMB,February,14,39
Gambia,GMB,January,14,37
Gambia,GMB,July,20,35
Gambia,GMB,June,20,37
Gambia,GMB,March,17,41
Gambia,GMB,May,18,38
Gambia,GMB,November,17,38
Gambia,GMB,October,20,36
Gambia,GMB,September,19,35
Georgia,GEO,April,4,29
Georgia,GEO,August,19,30
Georgia,GEO,December,2,22
Georgia,GEO,February,0,22
Georgia,GEO,January,0,21
Georgia,GEO,July,17,30
Georgia,GEO,June,15,30
Georgia,GEO,March,1,26
Georgia,GEO,May,10,32
Georgia,GEO,November,5,25
Georgia,GEO,October,9,28
Georgia,GEO,September,14,31
Germany,DEU,April,2,11
Germany,DEU,August,14,22
Germany,DEU,December,2,11
Germany,DEU,February,0,9
Germany,DEU,January,1,11
Germany,DEU,July,13,22
Germany,DEU,June,10,20
Germany,DEU,March,1,9
Germany,DEU,May,7,16
Germany,DEU,November,3,15
Germany,DEU,October,8,18
Germany,DEU,September,12,20
Ghana,GHA,April,23,43
Ghana,GHA,August,21,34
Ghana,GHA,December,17,39
Ghana,GHA,February,20,41
Ghana,GHA,January,18,39
Ghana,GHA,July,21,35
Ghana,GHA,June,21,38
Ghana,GHA,March,22,43
Ghana,GHA,May,22,40
Ghana,GHA,November,17,40
Ghana,GHA,October,20,38
Ghana,GHA,September,21,35
Gibraltar,GIB,April,11,25
Gibraltar,GIB,August,19,34
Gibraltar,GIB,December,9,21
Gibraltar,GIB,February,8,20
Gibraltar,GIB,January,7,20
Gibraltar,GIB,July,19,33
Gibraltar,GIB,June,16,30
Gibraltar,GIB,March,8,24
Gibraltar,GIB,May,13,29
Gibraltar,GIB,November,10,24
Gibraltar,GIB,October,14,28
Gibraltar,GIB,September,17,31
Greece,GRC,April,4,27
Greece,GRC,August,17,37
Greece,GRC,December,-2,18
Greece,GRC,February,-2,19
Greece,GRC,January,-5,17
Greece,GRC,July,17,37
Greece,GRC,June,14,36
Greece,GRC,March,0,22
Greece,GRC,May,10,31
Greece,GRC,November,2,23
Greece,GRC,October,7,27
Greece,GRC,September,11,33
Greenland,GRL,April,-28,1
Greenland,GRL,August,-1,13
Greenland,GRL,December,-32,-4
Greenland,GRL,February,-35,-8
Greenland,GRL,January,-34,-4
Greenland,GRL,July,0,15
Greenland,GRL,June,-4,13
Greenland,GRL,March,-34,-5
Greenland,GRL,May,-15,6
Greenland,GRL,November,-26,0
Greenland,GRL,October,-21,3
Greenland,GRL,September,-12,6
Guinea,GIN,April,17,36
Guinea,GIN,August,17,33
Guinea,GIN,December,11,33
Guinea,GIN,February,14,34
Guinea,GIN,January,13,32
Guinea,GIN,July,15,28
Guinea,GIN,June,18,31
Guinea,GIN,March,17,35
Guinea,GIN,May,17,35
Guinea,GIN,November,12,34
Guinea,GIN,October,16,30
Guinea,GIN,September,16,32
Guyana,GUY,April,22,31
Guyana,GUY,August,23,33
Guyana,GUY,December,22,31
Guyana,GUY,February,22,30
Guyana,GUY,January,22,31
Guyana,GUY,July,22,32
Guyana,GUY,June,22,31
Guyana,GUY,March,22,31
Guyana,GUY,May,23,31
Guyana,GUY,November,22,33
Guyana,GUY,October,22,33
Guyana,GUY,September,23,33
Honduras,HND,April,17,33
Honduras,HND,August,21,34
Honduras,HND,December,18,31
Honduras,HND,February,17,31
Honduras,HND,January,16,30
Honduras,HND,July,20,33
Honduras,HND,June,20,33
Honduras,HND,March,17,32
Honduras,HND,May,20,33
Honduras,HND,November,19,31
Honduras,HND,October,20,33
Honduras,HND,September,22,33
Hungary,HUN,April,-1,26
Hungary,HUN,August,10,35
Hungary,HUN,December,-8,11
Hungary,HUN,February,-8,15
Hungary,HUN,January,-11,10
Hungary,HUN,July,10,35
Hungary,HUN,June,9,34
Hungary,HUN,March,-5,21
Hungary,HUN,May,4,29
Hungary,HUN,November,-5,17
Hungary,HUN,October,0,24
Hungary,HUN,September,5,30
Iceland,ISL,April,-5,12
Iceland,ISL,August,4,17
Iceland,ISL,December,-10,9
Iceland,ISL,February,-7,8
Iceland,ISL,January,-8,8
Iceland,ISL,July,4,18
Iceland,ISL,June,3,17
Iceland,ISL,March,-7,9
Iceland,ISL,May,-2,14
Iceland,ISL,November,-5,10
Iceland,ISL,October,-2,12
Iceland,ISL,September,1,15
India,IND,April,3,27
India,IND,August,14,33
India,IND,December,-7,13
India,IND,February,-4,16
India,IND,January,-7,10
India,IND,July,15,32
India,IND,June,11,32
India,IND,March,0,21
India,IND,May,7,29
India,IND,November,-2,18
India,IND,October,2,28
India,IND,September,10,31
Indonesia,IDN,April,22,33
Indonesia,IDN,August,22,34
Indonesia,IDN,December,22,32
Indonesia,IDN,February,21,32
Indonesia,IDN,January,21,32
Indonesia,IDN,July,22,34
Indonesia,IDN,June,22,34
Indonesia,IDN,March,21,34
Indonesia,IDN,May,23,34
Indonesia,IDN,November,22,32
Indonesia,IDN,October,22,32
Indonesia,IDN,September,22,33
"Iran, Islamic Republic of",IRN,April,0,26
"Iran, Islamic Republic of",IRN,August,16,38
"Iran, Islamic Republic of",IRN,December,-10,14
"Iran, Islamic Republic of",IRN,February,-10,15
"Iran, Islamic Republic of",IRN,January,-13,10
"Iran, Islamic Republic of",IRN,July,16,39
"Iran, Islamic Republic of",IRN,June,12,37
"Iran, Islamic Republic of",IRN,March,-4,20
"Iran, Islamic Republic of",IRN,May,7,31
"Iran, Islamic Republic of",IRN,November,-4,19
"Iran, Islamic Republic of",IRN,October,3,28
"Iran, Islamic Republic of",IRN,September,10,35
Iraq,IRQ,April,12,39
Iraq,IRQ,August,27,50
Iraq,IRQ,December,4,24
Iraq,IRQ,February,3,27
Iraq,IRQ,January,2,23
Iraq,IRQ,July,27,50
Iraq,IRQ,June,25,48
Iraq,IRQ,March,9,31
Iraq,IRQ,May,19,45
Iraq,IRQ,November,9,32
Iraq,IRQ,October,16,40
Iraq,IRQ,September,22,48
Ireland,IRL,April,1,16
Ireland,IRL,August,9,21
Ireland,IRL,December,0,13
Ireland,IRL,February,0,13
Ireland,IRL,January,0,14
Ireland,IRL,July,9,22
Ireland,IRL,June,7,22
Ireland,IRL,March,0,14
Ireland,IRL,May,4,19
Ireland,IRL,November,1,14
Ireland,IRL,October,4,17
Ireland,IRL,September,6,22
Israel,ISR,April,5,29
Israel,ISR,August,17,35
Israel,ISR,December,3,19
Israel,ISR,February,1,20
Israel,ISR,January,0,17
Israel,ISR,July,16,35
Israel,ISR,June,13,34
Israel,ISR,March,3,23
Israel,ISR,May,9,34
Israel,ISR,November,8,24
Israel,ISR,October,12,31
Israel,ISR,September,15,34
Italy,ITA,April,-6,18
Italy,ITA,August,7,26
Italy,ITA,December,-10,9
Italy,ITA,February,-13,10
Italy,ITA,January,-13,8
Italy,ITA,July,7,30
Italy,ITA,June,5,26
Italy,ITA,March,-8,14
Italy,ITA,May,1,20
Italy,ITA,November,-6,13
Italy,ITA,October,0,18
Italy,ITA,September,3,23
Jamaica,JAM,April,22,34
Jamaica,JAM,August,23,35
Jamaica,JAM,December,21,33
Jamaica,JAM,February,20,32
Jamaica,JAM,January,20,32
Jamaica,JAM,July,23,35
Jamaica,JAM,June,23,35
Jamaica,JAM,March,21,33
Jamaica,JAM,May,22,35
Jamaica,JAM,November,23,33
Jamaica,JAM,October,22,35
Jamaica,JAM,September,23,35
Japan,JPN,April,-2,14
Japan,JPN,August,14,27
Japan,JPN,December,-9,8
Japan,JPN,February,-11,4
Japan,JPN,January,-11,2
Japan,JPN,July,11,27
Japan,JPN,June,6,22
Japan,JPN,March,-7,9
Japan,JPN,May,2,20
Japan,JPN,November,-5,12
Japan,JPN,October,3,21
Japan,JPN,September,10,25
Jordan,JOR,April,6,34
Jordan,JOR,August,19,43
Jordan,JOR,December,1,22
Jordan,JOR,February,-1,25
Jordan,JOR,January,-2,21
Jordan,JOR,July,18,42
Jordan,JOR,June,15,41
Jordan,JOR,March,2,30
Jordan,JOR,May,10,40
Jordan,JOR,November,4,28
Jordan,JOR,October,10,36
Jordan,JOR,September,14,41
Kazakhstan,KAZ,April,-9,24
Kazakhstan,KAZ,August,6,32
Kazakhstan,KAZ,December,-30,1
Kazakhstan,KAZ,February,-32,1
Kazakhstan,KAZ,January,-34,-2
Kazakhstan,KAZ,July,8,33
Kazakhstan,KAZ,June,4,33
Kazakhstan,KAZ,March,-24,6
Kazakhstan,KAZ,May,-1,31
Kazakhstan,KAZ,November,-21,6
Kazakhstan,KAZ,October,-8,18
Kazakhstan,KAZ,September,0,27
Kenya,KEN,April,21,38
Kenya,KEN,August,20,36
Kenya,KEN,December,21,37
Kenya,KEN,February,20,39
Kenya,KEN,January,19,38
Kenya,KEN,July,21,36
Kenya,KEN,June,21,36
Kenya,KEN,March,20,39
Kenya,KEN,May,23,37
Kenya,KEN,November,21,37
Kenya,KEN,October,21,38
Kenya,KEN,September,23,37
Kiribati,KIR,April,23,32
Kiribati,KIR,August,23,33
Kiribati,KIR,December,23,33
Kiribati,KIR,February,23,33
Kiribati,KIR,January,24,32
Kiribati,KIR,July,23,32
Kiribati,KIR,June,23,32
Kiribati,KIR,March,23,32
Kiribati,KIR,May,23,33
Kiribati,KIR,November,24,33
Kiribati,KIR,October,23,33
Kiribati,KIR,September,23,33
"Korea, Democratic People's Republic of",PRK,April,-7,27
"Korea, Democratic People's Republic of",PRK,August,12,34
"Korea, Democratic People's Republic of",PRK,December,-28,4
"Korea, Democratic People's Republic of",PRK,February,-28,8
"Korea, Democratic People's Republic of",PRK,January,-30,3
"Korea, Democratic People's Republic of",PRK,July,14,36
"Korea, Democratic People's Republic of",PRK,June,8,32
"Korea, Democratic People's Republic of",PRK,March,-17,17
"Korea, Democratic People's Republic of",PRK,May,1,31
"Korea, Democratic People's Republic of",PRK,November,-19,14
"Korea, Democratic People's Republic of",PRK,October,-6,25
"Korea, Democratic People's Republic of",PRK,September,2,29
"Korea, Republic of",KOR,April,-1,27
"Korea, Republic of",KOR,August,17,35
"Korea, Republic of",KOR,December,-16,10
"Korea, Republic of",KOR,February,-14,13
"Korea, Republic of",KOR,January,-17,8
"Korea, Republic of",KOR,July,18,34
"Korea, Republic of",KOR,June,13,33
"Korea, Republic of",KOR,March,-7,22
"Korea, Republic of",KOR,May,5,32
"Korea, Republic of",KOR,November,-7,18
"Korea, Republic of",KOR,October,-1,26
"Korea, Republic of",KOR,September,11,30
Kuwait,KWT,April,13,40
Kuwait,KWT,August,26,50
Kuwait,KWT,December,4,28
Kuwait,KWT,February,3,30
Kuwait,KWT,January,2,26
Kuwait,KWT,July,27,51
Kuwait,KWT,June,25,49
Kuwait,KWT,March,8,35
Kuwait,KWT,May,19,47
Kuwait,KWT,November,9,34
Kuwait,KWT,October,15,43
Kuwait,KWT,September,21,48
Kyrgyzstan,KGZ,April,-4,24
Kyrgyzstan,KGZ,August,5,31
Kyrgyzstan,KGZ,December,-25,3
Kyrgyzstan,KGZ,February,-24,4
Kyrgyzstan,KGZ,January,-27,-1
Kyrgyzstan,KGZ,July,7,33
Kyrgyzstan,KGZ,June,4,29
Kyrgyzstan,KGZ,March,-14,16
Kyrgyzstan,KGZ,May,0,26
Kyrgyzstan,KGZ,November,-15,12
Kyrgyzstan,KGZ,October,-7,21
Kyrgyzstan,KGZ,September,1,28
Lao People's Democratic Republic,LAO,April,17,40
Lao People's Democratic Republic,LAO,August,22,36
Lao People's Democratic Republic,LAO,December,10,32
Lao People's Democratic Republic,LAO,February,12,36
Lao People's Democratic Republic,LAO,January,10,33
Lao People's Democratic Republic,LAO,July,23,37
Lao People's Democratic Republic,LAO,June,22,38
Lao People's Democratic Republic,LAO,March,15,38
Lao People's Democratic Republic,LAO,May,20,40
Lao People's Democratic Republic,LAO,November,15,34
Lao People's Democratic Republic,LAO,October,17,35
Lao People's Democratic Republic,LAO,September,21,36
Latvia,LVA,April,-3,14
Latvia,LVA,August,11,26
Latvia,LVA,December,-5,7
Latvia,LVA,February,-8,5
Latvia,LVA,January,-9,5
Latvia,LVA,July,11,26
Latvia,LVA,June,8,26
Latvia,LVA,March,-7,8
Latvia,LVA,May,0,22
Latvia,LVA,November,-3,11
Latvia,LVA,October,1,16
Latvia,LVA,September,6,21
Lebanon,LBN,April,10,31
Lebanon,LBN,August,21,36
Lebanon,LBN,December,6,24
Lebanon,LBN,February,6,24
Lebanon,LBN,January,4,22
Lebanon,LBN,July,21,34
Lebanon,LBN,June,17,33
Lebanon,LBN,March,7,27
Lebanon,LBN,May,14,34
Lebanon,LBN,November,11,29
Lebanon,LBN,October,16,33
Lebanon,LBN,September,19,34
Liberia,LBR,April,23,34
Liberia,LBR,August,22,30
Liberia,LBR,December,21,34
Liberia,LBR,February,22,35
Liberia,LBR,January,20,34
Liberia,LBR,July,22,30
Liberia,LBR,June,22,32
Liberia,LBR,March,22,34
Liberia,LBR,May,22,33
Liberia,LBR,November,22,33
Liberia,LBR,October,22,32
Liberia,LBR,September,22,31
Libya,LBY,April,10,32
Libya,LBY,August,20,39
Libya,LBY,December,4,21
Libya,LBY,February,3,25
Libya,LBY,January,3,20
Libya,LBY,July,17,41
Libya,LBY,June,15,41
Libya,LBY,March,6,29
Libya,LBY,May,13,37
Libya,LBY,November,7,28
Libya,LBY,October,13,32
Libya,LBY,September,17,37
Lithuania,LTU,April,-4,21
Lithuania,LTU,August,8,30
Lithuania,LTU,December,-9,8
Lithuania,LTU,February,-9,7
Lithuania,LTU,January,-12,6
Lithuania,LTU,July,9,30
Lithuania,LTU,June,4,29
Lithuania,LTU,March,-7,13
Lithuania,LTU,May,-2,26
Lithuania,LTU,November,-5,12
Lithuania,LTU,October,-1,18
Lithuania,LTU,September,3,24
Luxembourg,LUX,April,-2,23
Luxembourg,LUX,August,7,32
Luxembourg,LUX,December,-5,12
Luxembourg,LUX,February,-6,13
Luxembourg,LUX,January,-6,11
Luxembourg,LUX,July,9,34
Luxembourg,LUX,June,7,32
Luxembourg,LUX,March,-4,18
Luxembourg,LUX,May,2,26
Luxembourg,LUX,November,-3,15
Luxembourg,LUX,October,2,21
Luxembourg,LUX,September,5,27
Macao,MAC,April,16,30
Macao,MAC,August,23,35
Macao,MAC,December,8,26
Macao,MAC,February,9,26
Macao,MAC,January,8,25
Macao,MAC,July,24,36
Macao,MAC,June,23,34
Macao,MAC,March,13,27
Macao,MAC,May,20,33
Macao,MAC,November,14,30
Macao,MAC,October,19,33
Macao,MAC,September,23,35
Madagascar,MDG,April,21,34
Madagascar,MDG,August,17,32
Madagascar,MDG,December,21,35
Madagascar,MDG,February,21,33
Madagascar,MDG,January,20,34
Madagascar,MDG,July,16,31
Madagascar,MDG,June,18,32
Madagascar,MDG,March,20,33
Madagascar,MDG,May,19,33
Madagascar,MDG,November,20,35
Madagascar,MDG,October,19,34
Madagascar,MDG,September,17,32
Malawi,MWI,April,15,31
Malawi,MWI,August,12,34
Malawi,MWI,December,18,35
Malawi,MWI,February,17,32
Malawi,MWI,January,17,31
Malawi,MWI,July,11,29
Malawi,MWI,June,11,30
Malawi,MWI,March,17,31
Malawi,MWI,May,12,30
Malawi,MWI,November,16,36
Malawi,MWI,October,16,37
Malawi,MWI,September,13,33
Malaysia,MYS,April,24,34
Malaysia,MYS,August,23,34
Malaysia,MYS,December,23,33
Malaysia,MYS,February,23,34
Malaysia,MYS,January,23,34
Malaysia,MYS,July,22,34
Malaysia,MYS,June,23,34
Malaysia,MYS,March,24,35
Malaysia,MYS,May,24,34
Malaysia,MYS,November,24,33
Malaysia,MYS,October,23,33
Malaysia,MYS,September,23,33
Maldives,MDV,April,25,33
Maldives,MDV,August,23,33
Maldives,MDV,December,23,32
Maldives,MDV,February,25,32
Maldives,MDV,January,24,32
Maldives,MDV,July,24,32
Maldives,MDV,June,24,33
Maldives,MDV,March,24,33
Maldives,MDV,May,24,33
Maldives,MDV,November,24,32
Maldives,MDV,October,24,32
Maldives,MDV,September,23,32
Mali,MLI,April,20,44
Mali,MLI,August,21,37
Mali,MLI,December,11,38
Mali,MLI,February,12,39
Mali,MLI,January,10,36
Mali,MLI,July,21,40
Mali,MLI,June,23,45
Mali,MLI,March,15,42
Mali,MLI,May,24,45
Mali,MLI,November,15,40
Mali,MLI,October,19,41
Mali,MLI,September,21,39
Malta,MLT,April,9,26
Malta,MLT,August,21,37
Malta,MLT,December,7,21
Malta,MLT,February,6,20
Malta,MLT,January,5,19
Malta,MLT,July,21,38
Malta,MLT,June,16,35
Malta,MLT,March,8,23
Malta,MLT,May,13,29
Malta,MLT,November,11,25
Malta,MLT,October,15,30
Malta,MLT,September,18,33
Marshall Islands,MHL,April,24,32
Marshall Islands,MHL,August,24,32
Marshall Islands,MHL,December,24,32
Marshall Islands,MHL,February,24,31
Marshall Islands,MHL,January,24,31
Marshall Islands,MHL,July,24,32
Marshall Islands,MHL,June,24,32
Marshall Islands,MHL,March,24,32
Marshall Islands,MHL,May,24,32
Marshall Islands,MHL,November,23,32
Marshall Islands,MHL,October,24,32
Marshall Islands,MHL,September,24,32
Mauritania,MRT,April,18,41
Mauritania,MRT,August,25,45
Mauritania,MRT,December,12,35
Mauritania,MRT,February,12,36
Mauritania,MRT,January,11,32
Mauritania,MRT,July,25,46
Mauritania,MRT,June,24,45
Mauritania,MRT,March,15,38
Mauritania,MRT,May,21,45
Mauritania,MRT,November,14,39
Mauritania,MRT,October,21,41
Mauritania,MRT,September,24,44
Mauritius,MUS,April,23,33
Mauritius,MUS,August,22,31
Mauritius,MUS,December,23,33
Mauritius,MUS,February,23,33
Mauritius,MUS,January,23,33
Mauritius,MUS,July,21,30
Mauritius,MUS,June,23,31
Mauritius,MUS,March,23,33
Mauritius,MUS,May,23,32
Mauritius,MUS,November,22,32
Mauritius,MUS,October,22,32
Mauritius,MUS,September,22,31
Mexico,MEX,April,9,39
Mexico,MEX,August,21,47
Mexico,MEX,December,1,28
Mexico,MEX,February,3,30
Mexico,MEX,January,1,27
Mexico,MEX,July,21,48
Mexico,MEX,June,16,46
Mexico,MEX,March,5,34
Mexico,MEX,May,11,42
Mexico,MEX,November,5,34
Mexico,MEX,October,12,40
Mexico,MEX,September,17,45
"Micronesia, Federated States of",FSM,April,24,32
"Micronesia, Federated States of",FSM,August,24,33
"Micronesia, Federated States of",FSM,December,24,32
"Micronesia, Federated States of",FSM,February,24,31
"Micronesia, Federated States of",FSM,January,24,32
"Micronesia, Federated States of",FSM,July,24,33
"Micronesia, Federated States of",FSM,June,24,32
"Micronesia, Federated States of",FSM,March,23,32
"Micronesia, Federated States of",FSM,May,24,32
"Micronesia, Federated States of",FSM,November,24,32
"Micronesia, Federated States of",FSM,October,24,33
"Micronesia, Federated States of",FSM,September,24,33
"Moldova, Republic of",MDA,April,-3,23
"Moldova, Republic of",MDA,August,10,34
"Moldova, Republic of",MDA,December,-9,10
"Moldova, Republic of",MDA,February,-13,13
"Moldova, Republic of",MDA,January,-14,9
"Moldova, Republic of",MDA,July,10,33
"Moldova, Republic of",MDA,June,8,32
"Moldova, Republic of",MDA,March,-9,19
"Moldova, Republic of",MDA,May,3,28
"Moldova, Republic of",MDA,November,-7,17
"Moldova, Republic of",MDA,October,0,24
"Moldova, Republic of",MDA,September,4,29
Mongolia,MNG,April,-19,18
Mongolia,MNG,August,0,27
Mongolia,MNG,December,-42,-12
Mongolia,MNG,February,-40,-7
Mongolia,MNG,January,-44,-14
Mongolia,MNG,July,2,29
Mongolia,MNG,June,-4,27
Mongolia,MNG,March,-33,6
Mongolia,MNG,May,-10,24
Mongolia,MNG,November,-36,1
Mongolia,MNG,October,-22,12
Mongolia,MNG,September,-10,24
Morocco,MAR,April,8,27
Morocco,MAR,August,16,37
Morocco,MAR,December,5,22
Morocco,MAR,February,4,21
Morocco,MAR,January,4,20
Morocco,MAR,July,16,36
Morocco,MAR,June,12,35
Morocco,MAR,March,5,23
Morocco,MAR,May,10,31
Morocco,MAR,November,7,25
Morocco,MAR,October,12,32
Morocco,MAR,September,15,33
Mozambique,MOZ,April,21,32
Mozambique,MOZ,August,17,31
Mozambique,MOZ,December,22,38
Mozambique,MOZ,February,22,33
Mozambique,MOZ,January,21,33
Mozambique,MOZ,July,17,30
Mozambique,MOZ,June,17,30
Mozambique,MOZ,March,17,33
Mozambique,MOZ,May,18,34
Mozambique,MOZ,November,22,33
Mozambique,MOZ,October,20,32
Mozambique,MOZ,September,18,31
Myanmar,MMR,April,17,38
Myanmar,MMR,August,23,36
Myanmar,MMR,December,10,29
Myanmar,MMR,February,11,32
Myanmar,MMR,January,9,29
Myanmar,MMR,July,23,36
Myanmar,MMR,June,22,36
Myanmar,MMR,March,14,35
Myanmar,MMR,May,19,38
Myanmar,MMR,November,12,32
Myanmar,MMR,October,17,36
Myanmar,MMR,September,22,37
Nepal,NPL,April,10,31
Nepal,NPL,August,19,32
Nepal,NPL,December,2,23
Nepal,NPL,February,3,26
Nepal,NPL,January,2,22
Nepal,NPL,July,19,32
Nepal,NPL,June,17,32
Nepal,NPL,March,6,29
Nepal,NPL,May,12,32
Nepal,NPL,November,6,26
Nepal,NPL,October,10,30
Nepal,NPL,September,18,31
Netherlands,NLD,April,0,19
Netherlands,NLD,August,10,28
Netherlands,NLD,December,-2,12
Netherlands,NLD,February,-3,12
Netherlands,NLD,January,-4,12
Netherlands,NLD,July,10,31
Netherlands,NLD,June,8,27
Netherlands,NLD,March,-2,15
Netherlands,NLD,May,3,24
Netherlands,NLD,November,-1,16
Netherlands,NLD,October,5,20
Netherlands,NLD,September,8,26
New Caledonia,NCL,April,21,31
New Caledonia,NCL,August,17,27
New Caledonia,NCL,December,22,31
New Caledonia,NCL,February,23,32
New Caledonia,NCL,January,22,32
New Caledonia,NCL,July,18,26
New Caledonia,NCL,June,18,27
New Caledonia,NCL,March,23,32
New Caledonia,NCL,May,18,29
New Caledonia,NCL,November,20,31
New Caledonia,NCL,October,17,29
New Caledonia,NCL,September,17,28
New Zealand,NZL,April,24,33
New Zealand,NZL,August,24,32
New Zealand,NZL,December,24,32
New Zealand,NZL,February,24,32
New Zealand,NZL,January,24,32
New Zealand,NZL,July,24,33
New Zealand,NZL,June,24,33
New Zealand,NZL,March,24,33
New Zealand,NZL,May,24,33
New Zealand,NZL,November,24,32
New Zealand,NZL,October,24,32
New Zealand,NZL,September,24,32
Nicaragua,NIC,April,21,36
Nicaragua,NIC,August,21,35
Nicaragua,NIC,December,21,34
Nicaragua,NIC,February,20,36
Nicaragua,NIC,January,14,34
Nicaragua,NIC,July,22,36
Nicaragua,NIC,June,22,35
Nicaragua,NIC,March,20,34
Nicaragua,NIC,May,21,36
Nicaragua,NIC,November,22,32
Nicaragua,NIC,October,21,35
Nicaragua,NIC,September,22,35
Niger,NER,April,11,44
Niger,NER,August,23,45
Niger,NER,December,3,33
Niger,NER,February,3,36
Niger,NER,January,1,33
Niger,NER,July,21,46
Niger,NER,June,20,47
Niger,NER,March,8,41
Niger,NER,May,17,46
Niger,NER,November,8,36
Niger,NER,October,12,42
Niger,NER,September,19,44
Nigeria,NGA,April,19,42
Nigeria,NGA,August,20,34
Nigeria,NGA,December,10,35
Nigeria,NGA,February,11,36
Nigeria,NGA,January,9,35
Nigeria,NGA,July,20,35
Nigeria,NGA,June,21,38
Nigeria,NGA,March,17,40
Nigeria,NGA,May,21,42
Nigeria,NGA,November,11,36
Nigeria,NGA,October,15,36
Nigeria,NGA,September,19,35
North Macedonia,MKD,April,-5,19
North Macedonia,MKD,August,6,31
North Macedonia,MKD,December,-12,12
North Macedonia,MKD,February,-11,13
North Macedonia,MKD,January,-15,11
North Macedonia,MKD,July,6,29
North Macedonia,MKD,June,4,27
North Macedonia,MKD,March,-8,15
North Macedonia,MKD,May,1,23
North Macedonia,MKD,November,-6,18
North Macedonia,MKD,October,-2,22
North Macedonia,MKD,September,1,25
Norway,NOR,April,-10,6
Norway,NOR,August,2,12
Norway,NOR,December,-11,4
Norway,NOR,February,-11,4
Norway,NOR,January,-10,5
Norway,NOR,July,2,13
Norway,NOR,June,-1,10
Norway,NOR,March,-11,4
Norway,NOR,May,-5,8
Norway,NOR,November,-8,5
Norway,NOR,October,-4,8
Norway,NOR,September,0,10
Oman,OMN,April,20,41
Oman,OMN,August,28,43
Oman,OMN,December,13,31
Oman,OMN,February,12,31
Oman,OMN,January,11,28
Oman,OMN,July,29,43
Oman,OMN,June,28,45
Oman,OMN,March,16,35
Oman,OMN,May,23,45
Oman,OMN,November,16,35
Oman,OMN,October,20,39
Oman,OMN,September,25,42
Pakistan,PAK,April,5,27
Pakistan,PAK,August,17,38
Pakistan,PAK,December,-2,16
Pakistan,PAK,February,-2,14
Pakistan,PAK,January,-4,12
Pakistan,PAK,July,19,39
Pakistan,PAK,June,16,39
Pakistan,PAK,March,1,22
Pakistan,PAK,May,9,33
Pakistan,PAK,November,3,20
Pakistan,PAK,October,8,30
Pakistan,PAK,September,13,35
Panama,PAN,April,11,36
Panama,PAN,August,4,38
Panama,PAN,December,18,40
Panama,PAN,February,17,39
Panama,PAN,January,19,40
Panama,PAN,July,3,34
Panama,PAN,June,5,32
Panama,PAN,March,15,37
Panama,PAN,May,7,33
Panama,PAN,November,14,40
Panama,PAN,October,13,42
Panama,PAN,September,9,40
Papua New Guinea,PNG,April,21,35
Papua New Guinea,PNG,August,21,35
Papua New Guinea,PNG,December,22,37
Papua New Guinea,PNG,February,22,36
Papua New Guinea,PNG,January,22,38
Papua New Guinea,PNG,July,21,34
Papua New Guinea,PNG,June,21,34
Papua New Guinea,PNG,March,21,39
Papua New Guinea,PNG,May,22,35
Papua New Guinea,PNG,November,22,37
Papua New Guinea,PNG,October,22,36
Papua New Guinea,PNG,September,21,34
Paraguay,PRY,April,15,33
Paraguay,PRY,August,12,38
Paraguay,PRY,December,22,39
Paraguay,PRY,February,20,37
Paraguay,PRY,January,21,38
Paraguay,PRY,July,10,34
Paraguay,PRY,June,9,32
Paraguay,PRY,March,21,36
Paraguay,PRY,May,11,34
Paraguay,PRY,November,18,40
Paraguay,PRY,October,18,40
Paraguay,PRY,September,14,40
Peru,PER,April,21,33
Peru,PER,August,19,29
Peru,PER,December,20,31
Peru,PER,February,21,32
Peru,PER,January,21,33
Peru,PER,July,19,30
Peru,PER,June,20,31
Peru,PER,March,22,33
Peru,PER,May,21,32
Peru,PER,November,18,29
Peru,PER,October,19,29
Peru,PER,September,19,29
Philippines,PHL,April,19,31
Philippines,PHL,August,24,33
Philippines,PHL,December,17,28
Philippines,PHL,February,16,28
Philippines,PHL,January,15,27
Philippines,PHL,July,24,33
Philippines,PHL,June,24,34
Philippines,PHL,March,17,30
Philippines,PHL,May,22,33
Philippines,PHL,November,20,31
Philippines,PHL,October,21,31
Philippines,PHL,September,23,32
Poland,POL,April,-3,22
Poland,POL,August,8,31
Poland,POL,December,-6,10
Poland,POL,February,-7,11
Poland,POL,January,-9,9
Poland,POL,July,9,30
Poland,POL,June,4,30
Poland,POL,March,-6,15
Poland,POL,May,-1,27
Poland,POL,November,-3,14
Poland,POL,October,1,20
Poland,POL,September,4,26
Portugal,PRT,April,8,20
Portugal,PRT,August,17,29
Portugal,PRT,December,8,21
Portugal,PRT,February,8,19
Portugal,PRT,January,8,20
Portugal,PRT,July,16,28
Portugal,PRT,June,13,25
Portugal,PRT,March,8,21
Portugal,PRT,May,11,23
Portugal,PRT,November,11,22
Portugal,PRT,October,13,25
Portugal,PRT,September,16,27
Qatar,QAT,April,20,42
Qatar,QAT,August,31,47
Qatar,QAT,December,15,30
Qatar,QAT,February,13,30
Qatar,QAT,January,12,29
Qatar,QAT,July,30,47
Qatar,QAT,June,28,47
Qatar,QAT,March,16,35
Qatar,QAT,May,25,45
Qatar,QAT,November,19,35
Qatar,QAT,October,24,41
Qatar,QAT,September,28,45
Romania,ROU,April,-2,24
Romania,ROU,August,10,33
Romania,ROU,December,-10,13
Romania,ROU,February,-12,13
Romania,ROU,January,-17,12
Romania,ROU,July,9,32
Romania,ROU,June,9,30
Romania,ROU,March,-8,19
Romania,ROU,May,3,27
Romania,ROU,November,-6,19
Romania,ROU,October,-2,25
Romania,ROU,September,3,29
Russian Federation,RUS,April,-26,-3
Russian Federation,RUS,August,-2,5
Russian Federation,RUS,December,-29,-2
Russian Federation,RUS,February,-31,-2
Russian Federation,RUS,January,-31,-2
Russian Federation,RUS,July,-2,5
Russian Federation,RUS,June,-5,3
Russian Federation,RUS,March,-32,-5
Russian Federation,RUS,May,-17,0
Russian Federation,RUS,November,-22,0
Russian Federation,RUS,October,-14,1
Russian Federation,RUS,September,-6,3
Rwanda,RWA,April,15,29
Rwanda,RWA,August,15,31
Rwanda,RWA,December,14,29
Rwanda,RWA,February,15,31
Rwanda,RWA,January,15,31
Rwanda,RWA,July,13,29
Rwanda,RWA,June,14,29
Rwanda,RWA,March,15,31
Rwanda,RWA,May,15,28
Rwanda,RWA,November,15,29
Rwanda,RWA,October,15,30
Rwanda,RWA,September,15,30
Réunion,REU,April,23,32
Réunion,REU,August,19,29
Réunion,REU,December,23,33
Réunion,REU,February,24,32
Réunion,REU,January,24,32
Réunion,REU,July,19,29
Réunion,REU,June,21,30
Réunion,REU,March,24,32
Réunion,REU,May,22,32
Réunion,REU,November,23,32
Réunion,REU,October,22,31
Réunion,REU,September,20,30
Saint Pierre and Miquelon,SPM,April,-5,11
Saint Pierre and Miquelon,SPM,August,10,24
Saint Pierre and Miquelon,SPM,December,-7,10
Saint Pierre and Miquelon,SPM,February,-11,6
Saint Pierre and Miquelon,SPM,January,-9,7
Saint Pierre and Miquelon,SPM,July,8,23
Saint Pierre and Miquelon,SPM,June,3,19
Saint Pierre and Miquelon,SPM,March,-10,7
Saint Pierre and Miquelon,SPM,May,0,15
Saint Pierre and Miquelon,SPM,November,-3,13
Saint Pierre and Miquelon,SPM,October,2,18
Saint Pierre and Miquelon,SPM,September,6,21
Saudi Arabia,SAU,April,6,34
Saudi Arabia,SAU,August,19,43
Saudi Arabia,SAU,December,-1,22
Saudi Arabia,SAU,February,-1,24
Saudi Arabia,SAU,January,-3,21
Saudi Arabia,SAU,July,19,42
Saudi Arabia,SAU,June,16,40
Saudi Arabia,SAU,March,2,29
Saudi Arabia,SAU,May,11,38
Saudi Arabia,SAU,November,4,27
Saudi Arabia,SAU,October,10,35
Saudi Arabia,SAU,September,16,41
Senegal,SEN,April,16,42
Senegal,SEN,August,22,35
Senegal,SEN,December,14,38
Senegal,SEN,February,14,38
Senegal,SEN,January,14,37
Senegal,SEN,July,21,36
Senegal,SEN,June,19,39
Senegal,SEN,March,15,40
Senegal,SEN,May,17,40
Senegal,SEN,November,17,40
Senegal,SEN,October,21,41
Senegal,SEN,September,20,38
Serbia,SRB,April,0,27
Serbia,SRB,August,11,37
Serbia,SRB,December,-8,16
Serbia,SRB,February,-7,19
Serbia,SRB,January,-10,16
Serbia,SRB,July,11,36
Serbia,SRB,June,10,35
Serbia,SRB,March,-6,24
Serbia,SRB,May,6,29
Serbia,SRB,November,-3,22
Serbia,SRB,October,1,28
Serbia,SRB,September,6,32
Seychelles,SYC,April,24,34
Seychelles,SYC,August,23,30
Seychelles,SYC,December,23,32
Seychelles,SYC,February,24,32
Seychelles,SYC,January,23,32
Seychelles,SYC,July,23,30
Seychelles,SYC,June,24,31
Seychelles,SYC,March,24,33
Seychelles,SYC,May,24,32
Seychelles,SYC,November,23,32
Seychelles,SYC,October,23,32
Seychelles,SYC,September,23,31
Sierra Leone,SLE,April,25,33
Sierra Leone,SLE,August,23,30
Sierra Leone,SLE,December,23,35
Sierra Leone,SLE,February,22,32
Sierra Leone,SLE,January,23,33
Sierra Leone,SLE,July,22,32
Sierra Leone,SLE,June,23,31
Sierra Leone,SLE,March,24,34
Sierra Leone,SLE,May,23,33
Sierra Leone,SLE,November,23,34
Sierra Leone,SLE,October,22,32
Sierra Leone,SLE,September,23,31
Slovakia,SVK,April,-4,24
Slovakia,SVK,August,9,34
Slovakia,SVK,December,-8,12
Slovakia,SVK,February,-9,14
Slovakia,SVK,January,-12,10
Slovakia,SVK,July,8,35
Slovakia,SVK,June,7,33
Slovakia,SVK,March,-7,19
Slovakia,SVK,May,2,27
Slovakia,SVK,November,-6,16
Slovakia,SVK,October,-1,23
Slovakia,SVK,September,4,29
Slovenia,SVN,April,-14,7
Slovenia,SVN,August,-1,17
Slovenia,SVN,December,-15,7
Slovenia,SVN,February,-18,5
Slovenia,SVN,January,-17,5
Slovenia,SVN,July,0,17
Slovenia,SVN,June,-2,16
Slovenia,SVN,March,-16,5
Slovenia,SVN,May,-7,10
Slovenia,SVN,November,-14,8
Slovenia,SVN,October,-7,12
Slovenia,SVN,September,-4,14
Solomon Islands,SLB,April,23,32
Solomon Islands,SLB,August,23,31
Solomon Islands,SLB,December,24,32
Solomon Islands,SLB,February,23,33
Solomon Islands,SLB,January,23,33
Solomon Islands,SLB,July,23,32
Solomon Islands,SLB,June,23,32
Solomon Islands,SLB,March,23,33
Solomon Islands,SLB,May,23,33
Solomon Islands,SLB,November,23,33
Solomon Islands,SLB,October,23,33
Solomon Islands,SLB,September,23,32
South Africa,ZAF,April,6,32
South Africa,ZAF,August,0,30
South Africa,ZAF,December,14,37
South Africa,ZAF,February,14,34
South Africa,ZAF,January,14,37
South Africa,ZAF,July,-2,27
South Africa,ZAF,June,-1,27
South Africa,ZAF,March,12,34
South Africa,ZAF,May,2,28
South Africa,ZAF,November,10,37
South Africa,ZAF,October,8,37
South Africa,ZAF,September,3,35
Spain,ESP,April,7,23
Spain,ESP,August,14,29
Spain,ESP,December,5,19
Spain,ESP,February,5,20
Spain,ESP,January,4,18
Spain,ESP,July,14,29
Spain,ESP,June,12,27
Spain,ESP,March,4,22
Spain,ESP,May,9,26
Spain,ESP,November,7,21
Spain,ESP,October,10,26
Spain,ESP,September,12,30
Sri Lanka,LKA,April,23,36
Sri Lanka,LKA,August,23,37
Sri Lanka,LKA,December,21,32
Sri Lanka,LKA,February,21,32
Sri Lanka,LKA,January,20,30
Sri Lanka,LKA,July,23,37
Sri Lanka,LKA,June,25,37
Sri Lanka,LKA,March,21,34
Sri Lanka,LKA,May,24,37
Sri Lanka,LKA,November,22,33
Sri Lanka,LKA,October,23,36
Sri Lanka,LKA,September,23,37
Suriname,SUR,April,21,33
Suriname,SUR,August,22,34
Suriname,SUR,December,21,33
Suriname,SUR,February,21,31
Suriname,SUR,January,18,32
Suriname,SUR,July,19,32
Suriname,SUR,June,21,32
Suriname,SUR,March,20,32
Suriname,SUR,May,21,32
Suriname,SUR,November,22,34
Suriname,SUR,October,22,36
Suriname,SUR,September,22,36
Sweden,SWE,April,-17,8
Sweden,SWE,August,2,23
Sweden,SWE,December,-31,-1
Sweden,SWE,February,-30,3
Sweden,SWE,January,-29,-1
Sweden,SWE,July,4,28
Sweden,SWE,June,0,25
Sweden,SWE,March,-23,4
Sweden,SWE,May,-12,17
Sweden,SWE,November,-28,2
Sweden,SWE,October,-13,8
Sweden,SWE,September,-2,15
Switzerland,CHE,April,-1,24
Switzerland,CHE,August,10,34
Switzerland,CHE,December,-6,15
Switzerland,CHE,February,-5,16
Switzerland,CHE,January,-6,14
Switzerland,CHE,July,10,35
Switzerland,CHE,June,9,33
Switzerland,CHE,March,-3,21
Switzerland,CHE,May,4,28
Switzerland,CHE,November,-2,18
Switzerland,CHE,October,2,24
Switzerland,CHE,September,6,29
Syrian Arab Republic,SYR,April,5,31
Syrian Arab Republic,SYR,August,18,45
Syrian Arab Republic,SYR,December,-1,19
Syrian Arab Republic,SYR,February,-3,20
Syrian Arab Republic,SYR,January,-3,17
Syrian Arab Republic,SYR,July,17,45
Syrian Arab Republic,SYR,June,14,42
Syrian Arab Republic,SYR,March,1,24
Syrian Arab Republic,SYR,May,9,37
Syrian Arab Republic,SYR,November,3,26
Syrian Arab Republic,SYR,October,8,35
Syrian Arab Republic,SYR,September,13,42
Tajikistan,TJK,April,3,32
Tajikistan,TJK,August,15,39
Tajikistan,TJK,December,-7,14
Tajikistan,TJK,February,-6,15
Tajikistan,TJK,January,-8,11
Tajikistan,TJK,July,17,42
Tajikistan,TJK,June,15,40
Tajikistan,TJK,March,-1,25
Tajikistan,TJK,May,10,37
Tajikistan,TJK,November,-3,20
Tajikistan,TJK,October,2,28
Tajikistan,TJK,September,10,36
"Tanzania, United Republic of",TZA,April,17,31
"Tanzania, United Republic of",TZA,August,14,32
"Tanzania, United Republic of",TZA,December,17,30
"Tanzania, United Republic of",TZA,February,17,32
"Tanzania, United Republic of",TZA,January,17,31
"Tanzania, United Republic of",TZA,July,14,32
"Tanzania, United Republic of",TZA,June,14,31
"Tanzania, United Republic of",TZA,March,17,34
"Tanzania, United Republic of",TZA,May,16,31
"Tanzania, United Republic of",TZA,November,16,32
"Tanzania, United Republic of",TZA,October,17,32
"Tanzania, United Republic of",TZA,September,16,32
Thailand,THA,April,20,42
Thailand,THA,August,22,35
Thailand,THA,December,13,31
Thailand,THA,February,12,36
Thailand,THA,January,11,31
Thailand,THA,July,23,37
Thailand,THA,June,23,38
Thailand,THA,March,15,40
Thailand,THA,May,22,41
Thailand,THA,November,16,33
Thailand,THA,October,20,35
Thailand,THA,September,22,36
Togo,TGO,April,22,42
Togo,TGO,August,21,35
Togo,TGO,December,18,39
Togo,TGO,February,20,41
Togo,TGO,January,17,39
Togo,TGO,July,22,36
Togo,TGO,June,21,38
Togo,TGO,March,22,42
Togo,TGO,May,22,40
Togo,TGO,November,18,39
Togo,TGO,October,20,38
Togo,TGO,September,21,35
Trinidad and Tobago,TTO,April,21,37
Trinidad and Tobago,TTO,August,22,35
Trinidad and Tobago,TTO,December,21,33
Trinidad and Tobago,TTO,February,20,33
Trinidad and Tobago,TTO,January,20,32
Trinidad and Tobago,TTO,July,23,34
Trinidad and Tobago,TTO,June,22,34
Trinidad and Tobago,TTO,March,20,33
Trinidad and Tobago,TTO,May,22,34
Trinidad and Tobago,TTO,November,22,34
Trinidad and Tobago,TTO,October,22,35
Trinidad and Tobago,TTO,September,22,35
Tunisia,TUN,April,7,30
Tunisia,TUN,August,18,42
Tunisia,TUN,December,2,23
Tunisia,TUN,February,3,24
Tunisia,TUN,January,3,22
Tunisia,TUN,July,19,42
Tunisia,TUN,June,14,39
Tunisia,TUN,March,6,27
Tunisia,TUN,May,11,34
Tunisia,TUN,November,8,28
Tunisia,TUN,October,13,33
Tunisia,TUN,September,16,38
Turkmenistan,TKM,April,2,35
Turkmenistan,TKM,August,14,42
Turkmenistan,TKM,December,-12,14
Turkmenistan,TKM,February,-12,19
Turkmenistan,TKM,January,-13,15
Turkmenistan,TKM,July,18,45
Turkmenistan,TKM,June,16,44
Turkmenistan,TKM,March,-5,27
Turkmenistan,TKM,May,10,40
Turkmenistan,TKM,November,-9,20
Turkmenistan,TKM,October,-2,30
Turkmenistan,TKM,September,7,38
Tuvalu,TUV,April,24,33
Tuvalu,TUV,August,25,32
Tuvalu,TUV,December,25,33
Tuvalu,TUV,February,26,33
Tuvalu,TUV,January,24,33
Tuvalu,TUV,July,25,32
Tuvalu,TUV,June,25,32
Tuvalu,TUV,March,24,33
Tuvalu,TUV,May,24,33
Tuvalu,TUV,November,25,35
Tuvalu,TUV,October,24,33
Tuvalu,TUV,September,25,33
Türkiye,TUR,April,3,25
Türkiye,TUR,August,16,30
Türkiye,TUR,December,-1,20
Türkiye,TUR,February,-1,22
Türkiye,TUR,January,-2,19
Türkiye,TUR,July,16,30
Türkiye,TUR,June,13,29
Türkiye,TUR,March,0,23
Türkiye,TUR,May,8,30
Türkiye,TUR,November,3,24
Türkiye,TUR,October,7,26
Türkiye,TUR,September,12,30
Ukraine,UKR,April,-3,25
Ukraine,UKR,August,7,33
Ukraine,UKR,December,-11,11
Ukraine,UKR,February,-12,11
Ukraine,UKR,January,-16,8
Ukraine,UKR,July,8,33
Ukraine,UKR,June,6,31
Ukraine,UKR,March,-8,18
Ukraine,UKR,May,1,27
Ukraine,UKR,November,-7,16
Ukraine,UKR,October,-2,23
Ukraine,UKR,September,1,28
United Arab Emirates,ARE,April,19,40
United Arab Emirates,ARE,August,31,46
United Arab Emirates,ARE,December,16,31
United Arab Emirates,ARE,February,14,33
United Arab Emirates,ARE,January,14,29
United Arab Emirates,ARE,July,30,46
United Arab Emirates,ARE,June,28,45
United Arab Emirates,ARE,March,17,37
United Arab Emirates,ARE,May,24,44
United Arab Emirates,ARE,November,19,36
United Arab Emirates,ARE,October,25,40
United Arab Emirates,ARE,September,28,44
United Kingdom,GBR,April,-1,12
United Kingdom,GBR,August,7,18
United Kingdom,GBR,December,-2,11
United Kingdom,GBR,February,-3,9
United Kingdom,GBR,January,-3,9
United Kingdom,GBR,July,7,19
United Kingdom,GBR,June,5,17
United Kingdom,GBR,March,-2,10
United Kingdom,GBR,May,1,15
United Kingdom,GBR,November,0,12
United Kingdom,GBR,October,2,14
United Kingdom,GBR,September,5,17
United States,USA,April,-30,-1
United States,USA,August,-1,15
United States,USA,December,-33,-3
United States,USA,February,-38,-7
United States,USA,January,-34,-6
United States,USA,July,0,18
United States,USA,June,-5,17
United States,USA,March,-36,-5
United States,USA,May,-15,4
United States,USA,November,-26,0
United States,USA,October,-19,3
United States,USA,September,-6,10
United States Minor Outlying Islands,UMI,April,25,29
United States Minor Outlying Islands,UMI,August,25,30
United States Minor Outlying Islands,UMI,December,25,30
United States Minor Outlying Islands,UMI,February,25,28
United States Minor Outlying Islands,UMI,January,25,28
United States Minor Outlying Islands,UMI,July,26,30
United States Minor Outlying Islands,UMI,June,24,30
United States Minor Outlying Islands,UMI,March,25,28
United States Minor Outlying Islands,UMI,May,25,29
United States Minor Outlying Islands,UMI,November,25,30
United States Minor Outlying Islands,UMI,October,25,29
United States Minor Outlying Islands,UMI,September,25,30
Uruguay,URY,April,6,31
Uruguay,URY,August,1,30
Uruguay,URY,December,13,36
Uruguay,URY,February,12,37
Uruguay,URY,January,14,37
Uruguay,URY,July,0,27
Uruguay,URY,June,0,26
Uruguay,URY,March,10,34
Uruguay,URY,May,2,26
Uruguay,URY,November,8,32
Uruguay,URY,October,7,32
Uruguay,URY,September,3,28
Uzbekistan,UZB,April,2,35
Uzbekistan,UZB,August,9,40
Uzbekistan,UZB,December,-22,13
Uzbekistan,UZB,July,15,42
Uzbekistan,UZB,June,13,40
Uzbekistan,UZB,May,8,36
Uzbekistan,UZB,November,-3,21
Uzbekistan,UZB,October,-3,28
Uzbekistan,UZB,September,6,31
Vanuatu,VUT,April,23,33
Vanuatu,VUT,August,21,31
Vanuatu,VUT,December,20,33
Vanuatu,VUT,February,22,33
Vanuatu,VUT,January,22,34
Vanuatu,VUT,July,22,32
Vanuatu,VUT,June,22,32
Vanuatu,VUT,March,22,33
Vanuatu,VUT,May,22,33
Vanuatu,VUT,November,22,33
Vanuatu,VUT,October,22,32
Vanuatu,VUT,September,22,32
"Venezuela, Bolivarian Republic of",VEN,April,20,36
"Venezuela, Bolivarian Republic of",VEN,August,15,35
"Venezuela, Bolivarian Republic of",VEN,December,19,36
"Venezuela, Bolivarian Republic of",VEN,February,18,37
"Venezuela, Bolivarian Republic of",VEN,January,15,36
"Venezuela, Bolivarian Republic of",VEN,July,19,34
"Venezuela, Bolivarian Republic of",VEN,June,19,35
"Venezuela, Bolivarian Republic of",VEN,March,20,38
"Venezuela, Bolivarian Republic of",VEN,May,16,37
"Venezuela, Bolivarian Republic of",VEN,November,18,35
"Venezuela, Bolivarian Republic of",VEN,October,21,35
"Venezuela, Bolivarian Republic of",VEN,September,18,35
Viet Nam,VNM,April,14,35
Viet Nam,VNM,August,21,32
Viet Nam,VNM,December,6,26
Viet Nam,VNM,February,9,25
Viet Nam,VNM,January,7,27
Viet Nam,VNM,July,21,35
Viet Nam,VNM,June,20,33
Viet Nam,VNM,March,12,33
Viet Nam,VNM,May,18,35
Viet Nam,VNM,November,13,30
Viet Nam,VNM,October,15,32
Viet Nam,VNM,September,19,32
"Virgin Islands, U.S.",VIR,April,22,31
"Virgin Islands, U.S.",VIR,August,24,34
"Virgin Islands, U.S.",VIR,December,21,31
"Virgin Islands, U.S.",VIR,February,21,30
"Virgin Islands, U.S.",VIR,January,21,30
"Virgin Islands, U.S.",VIR,July,25,34
"Virgin Islands, U.S.",VIR,June,24,34
"Virgin Islands, U.S.",VIR,March,21,31
"Virgin Islands, U.S.",VIR,May,21,32
"Virgin Islands, U.S.",VIR,November,22,32
"Virgin Islands, U.S.",VIR,October,23,33
"Virgin Islands, U.S.",VIR,September,24,34
Western Sahara,ESH,April,15,23
Western Sahara,ESH,August,20,34
Western Sahara,ESH,December,15,26
Western Sahara,ESH,February,13,26
Western Sahara,ESH,January,13,25
Western Sahara,ESH,July,20,32
Western Sahara,ESH,June,18,27
Western Sahara,ESH,March,14,29
Western Sahara,ESH,May,17,27
Western Sahara,ESH,November,16,30
Western Sahara,ESH,October,19,31
Western Sahara,ESH,September,21,29
Zambia,ZMB,April,13,29
Zambia,ZMB,August,11,31
Zambia,ZMB,December,16,31
Zambia,ZMB,February,15,28
Zambia,ZMB,January,15,28
Zambia,ZMB,July,9,27
Zambia,ZMB,June,10,28
Zambia,ZMB,March,15,30
Zambia,ZMB,May,11,28
Zambia,ZMB,November,16,33
Zambia,ZMB,October,15,34
Zambia,ZMB,September,13,33
Zimbabwe,ZWE,April,9,28
Zimbabwe,ZWE,August,5,30
Zimbabwe,ZWE,December,14,32
Zimbabwe,ZWE,February,14,29
Zimbabwe,ZWE,January,13,30
Zimbabwe,ZWE,July,3,26
Zimbabwe,ZWE,June,4,25
Zimbabwe,ZWE,March,12,29
Zimbabwe,ZWE,May,7,27
Zimbabwe,ZWE,November,12,34
Zimbabwe,ZWE,October,10,34
Zimbabwe,ZWE,September,6,32
